{"weights": [[1.9987150430679321], [1.099995493888855], [1.3762682676315308]], "use_intercept": true, "n_features": 3, "cost_history": [18.918487548828125, 17.897296905517578, 16.936267852783203, 16.031841278076172, 15.180676460266113, 14.379626274108887, 13.62572956085205, 12.9162015914917, 12.248414993286133, 11.619911193847656, 11.028363227844238, 10.471590042114258, 9.947537422180176, 9.45427131652832, 8.989973068237305, 8.55293083190918, 8.141534805297852, 7.754270076751709, 7.38970947265625, 7.046514987945557, 6.7234206199646, 6.419240474700928, 6.132857799530029, 5.863221168518066, 5.609340667724609, 5.370286464691162, 5.145182132720947, 4.93320369720459, 4.733576774597168, 4.545571327209473, 4.368500709533691, 4.201718807220459, 4.044619083404541, 3.8966288566589355, 3.7572104930877686, 3.6258583068847656, 3.5020956993103027, 3.385474443435669, 3.2755730152130127, 3.17199444770813, 3.0743658542633057, 2.9823365211486816, 2.8955748081207275, 2.813770294189453, 2.736630916595459, 2.6638808250427246, 2.595261335372925, 2.5305285453796387, 2.4694533348083496, 2.41182017326355]}