{"weights": [[0.0038413109723478556, -0.0038413098081946373], [-0.017938004806637764, 0.017938004806637764], [-0.04926668107509613, 0.04926668480038643]], "use_intercept": true, "n_features": 3, "num_classes": 2, "cost_history": [0.6931471824645996, 0.6929019689559937, 0.6926579475402832, 0.6924151182174683, 0.6921733617782593, 0.6919328570365906, 0.6916934251785278, 0.6914551258087158, 0.6912178993225098, 0.6909817457199097, 0.6907466650009155, 0.6905126571655273, 0.6902796626091003, 0.6900477409362793, 0.6898167729377747, 0.6895867586135864, 0.6893578171730042, 0.6891298294067383, 0.688902735710144, 0.688676655292511, 0.6884514689445496, 0.6882272362709045, 0.6880038976669312, 0.6877814531326294, 0.6875597834587097, 0.6873391270637512, 0.6871193051338196, 0.68690025806427, 0.6866821050643921, 0.686464786529541, 0.6862481832504272, 0.6860324740409851, 0.685817539691925, 0.6856033802032471, 0.6853899955749512, 0.6851774454116821, 0.6849654912948608, 0.6847543716430664, 0.6845439672470093, 0.6843342781066895, 0.6841253638267517, 0.6839170455932617, 0.6837095022201538, 0.6835026144981384, 0.6832963824272156, 0.68309086561203, 0.682886004447937, 0.6826817989349365, 0.6824782490730286, 0.6822752952575684], "metric_history": [0.5, 0.5, 0.5, 0.5, 0.5, 0.5, 0.5, 0.5, 0.5, 0.5, 0.5, 0.5, 0.5, 0.5, 0.5, 0.5, 0.5, 0.5, 0.5, 0.5, 0.5, 0.5, 0.5, 0.5, 0.5, 0.5, 0.5, 0.5, 0.5, 0.5, 0.5, 0.5, 0.5, 0.5, 0.5, 0.5, 0.5, 0.5, 0.5, 0.5, 0.5, 0.5, 0.5, 0.5, 0.512499988079071, 0.512499988079071, 0.512499988079071, 0.512499988079071, 0.512499988079071, 0.512499988079071]}